,sentence,time
0,ここは 寝室だよ,1522664624.922376
1,寝室で飲み物をつかむ,1522664634.474348
2,寝室で飲み物を握る,1522664645.445206
3,寝室で飲み物を把持する,1522664661.932799
4,寝室で飲み物を掴んだ,1522664680.387133
5,ここは お風呂場だよ,1522664715.016636
6,ここは お風呂,1522664719.07963
7,お風呂の棚に置く,1522664729.764253
8,お風呂の棚に設置する,1522664739.209673
9,お風呂の棚に置く,1522664763.976192
10,お風呂の棚に置いた,1522664772.245616
