,sentence,time
0,ここは ドア前だよ,1522667867.915704
1,ドア前でドアを開ける,1522667878.664753
2,ドア前でドアを開く,1522667889.730749
3,ここは 寝室だよ,1522667911.46864
4,ここは 寝室,1522667917.520135
5,寝室で ぬいぐるみをつかむ,1522667926.74128
6,寝室で ぬいぐるみを把持する,1522667936.226912
7,寝室で ぬいぐるみを握る,1522667946.202286
8,寝室で ぬいぐるみを掴んだ,1522667956.480366
9,ここは キッチンだよ,1522667985.791251
10,キッチンの棚に置く,1522667996.730215
11,キッチンの机に置く,1522668003.888106
12,キッチンの棚に設置する,1522668011.062687
13,キッチンの棚に置いた,1522668018.853333
