,sentence,time
0,ここは ドア前だよ,1522667328.994623
1,ドア前でドアを開ける,1522667336.671005
2,ドア前でドアを開く,1522667347.932256
3,ドア前でドアを押す,1522667357.657261
4,ここは 寝室だよ,1522667380.249259
5,寝室で飲み物をつかむ,1522667389.999444
6,寝室で飲み物を握る,1522667400.42469
7,寝室で飲み物を把持する,1522667408.097163
8,寝室で飲み物を掴んだ,1522667417.647188
9,ここは キッチンだよ,1522667441.829552
10,キッチンの棚に置く,1522667451.952219
11,キッチンの棚に設置する,1522667459.729287
12,キッチンの棚に置く,1522667467.088439
13,キッチンの棚に設置した,1522667477.893653
14,キッチンの棚に置いた,1522667491.473758
