,sentence,time
0,ここは 寝室だよ,1522665360.605164
1,寝室で ぬいぐるみをつかむ,1522665370.55878
2,寝室で ぬいぐるみを握る,1522665378.514909
3,寝室で ぬいぐるみを把持する,1522665387.773733
4,寝室で ぬいぐるみを掴んだ,1522665396.649702
5,ここは 寝室だよ,1522665406.450798
6,ここはお風呂だよ,1522665443.842274
7,ここは お風呂,1522665448.611942
8,お風呂の棚にぬいぐるみを置く,1522665460.503602
9,お風呂の棚に置く,1522665466.159285
10,お風呂の棚に設置する,1522665473.291899
11,お風呂の棚に置いた,1522665481.287844
