,sentence,time
0,ここは ドア前だよ,1522664896.552798
1,ドア前でドアを開ける,1522664907.668896
2,ドア前でドアを開く,1522664916.34107
3,ドア前でドアを押し開く,1522664928.967896
4,ここは 寝室だよ,1522664952.991757
5,寝室で飲み物をつかむ,1522664960.128395
6,寝室で飲み物を把持する,1522664975.319231
7,寝室で飲み物を掴んだ,1522664988.116354
8,ここは キッチンだよ,1522665013.536794
9,キッチンだよ,1522665020.294408
10,キッチンの机に置く,1522665029.243918
11,キッチンの机に設置する,1522665036.103947
12,キッチンの机に置いた,1522665044.772531
13,キッチンの机に設置した,1522665054.150724
