,sentence,time
0,ここは ドア前だよ,1522666770.693332
1,ドア前でドアを開ける,1522666778.850885
2,ドア前でドアを開く,1522666790.415884
3,ドア前でドアを押し開ける,1522666798.676565
4,ここは 寝室だよ,1522666813.812649
5,寝室で果物をつかむ,1522666835.968101
6,寝室で果物を掴んだ,1522666861.143022
7,ここは キッチンだよ,1522666931.854579
8,キッチンの棚に物を置く,1522666942.899875
9,キッチンの棚に置く,1522666948.450793
10,キッチンの棚に設置,1522666953.504113
11,キッチンの棚に設置した,1522666966.774977
