,sentence,time
0,ここは 寝室だよ,1522667073.965423
1,寝室で飲み物をつかむ,1522667082.310443
2,寝室で飲み物を把持する,1522667090.800306
3,寝室で飲み物を掴んだ,1522667099.277387
4,寝室で飲み物をはじした,1522667107.519645
5,ここはお風呂だよ,1522667143.667057
6,ここは お風呂,1522667148.018724
7,お風呂の棚に置く,1522667159.901679
8,お風呂の棚に設置した,1522667169.636176
9,お風呂の棚に置いた,1522667189.921768
