,sentence,time
0,ここは 寝室だよ,1522667608.695544
1,寝室で ぬいぐるみをつかむ,1522667616.592724
2,寝室で ぬいぐるみを把持する,1522667625.357264
3,寝室で ぬいぐるみを握る,1522667632.561215
4,寝室で ぬいぐるみを掴んだ,1522667643.042642
5,ここはお風呂だよ,1522667686.570424
6,ここは お風呂,1522667692.922174
7,お風呂の棚に置く,1522667700.803985
8,お風呂の棚に設置する,1522667710.030206
9,お風呂の棚に置いた,1522667719.510358
10,お風呂の棚に置く,1522667727.661141
11,お風呂の棚に置いた,1522667736.91747
