,sentence,time
0,ここは ドア前だよ,1522666566.379131
1,ドア前でドアを開ける,1522666574.739475
2,ドア前でドアを押す,1522666580.412158
3,ドア前でドアを開く,1522666588.060393
4,ドア前でドアを開ける,1522666596.768333
5,ここは 寝室だよ,1522666615.258128
6,寝室で果物をつかむ,1522666633.696434
7,寝室で果物を把持する,1522666653.990668
