,sentence,time
0,ここは 寝室だよ,1522666262.441444
1,寝室,1522666270.674733
2,寝室で果物をつかむ,1522666283.038837
3,寝室で果物を握る,1522666296.094539
4,寝室で果物を把持する,1522666309.097453
5,新イスで果物を掴んだ,1522666320.448786
6,寝室で果物を握った,1522666344.500576
7,ここは お風呂場だよ,1522666378.183577
8,ここは お風呂,1522666383.211627
9,お風呂の棚に置く,1522666393.390797
10,お風呂の棚に設置する,1522666399.928156
11,お風呂の棚に置く,1522666410.701194
12,お風呂の棚に,1522666417.600911
13,お風呂の棚に設置した,1522666427.263921
