,sentence,time
0,ここは ドア前だよ,1522668736.945696
1,ドア前でドアを開ける,1522668749.573828
2,ドア前でドアを開く,1522668759.126329
3,ドア前でドアを押す,1522668768.597384
4,ここは 寝室だよ,1522668794.073915
5,寝室,1522668800.515911
6,寝室で果物をつかむ,1522668814.275669
7,寝室で果物を把持する,1522668829.770772
8,寝室で果物に手を伸ばす,1522668842.946544
9,寝室で果物を掴んだ,1522668852.723403
10,ここは キッチンだよ,1522668890.4797
11,キッチンの棚に置く,1522668895.941222
12,キッチンの棚に設置する,1522668904.607373
13,キッチンの棚に置く,1522668911.952574
14,キッチンの棚に置いた,1522668919.513765
