,sentence,time
0,ここは 寝室だよ,1522668142.221466
1,寝室で果物をつかむ,1522668151.592135
2,寝室で果物を握る,1522668159.724859
3,寝室で果物を掴んだ,1522668170.197018
4,寝室で果物を取った,1522668179.083623
5,寝室で果物を握った,1522668187.956196
6,ここはお風呂だよ,1522668228.179333
7,ここは お風呂,1522668233.230683
8,お風呂の棚に置く,1522668240.751629
9,お風呂の棚に設置,1522668251.073649
10,お風呂の棚に置いた,1522668262.454208
11,お風呂の棚に設置した,1522668270.595243
